Workbook

Sheet Quartely Summary
C2: Kenya - Retail | D2: Kenya - Online | E2: Uganda | F2: Rwanda | G2: Total
B3: Q1 | C3: =SUM(Kenya!C29:E29) -> 2.3568327e+08 | D3: =SUM(Online!C5:E5) -> 23572899 | E3: =SUM(Uganda!C5:E5) -> 26904396 | F3: =SUM(Rwanda!C3:E3) -> 9780881.8 | G3: =SUM(C3:F3) -> 2.9594145e+08
B4: Q2 | C4: =SUM(Kenya!F29:H29) -> 2.6856023e+08 | D4: =SUM(Online!F5:H5) -> 24678062 | E4: =SUM(Uganda!F5:H5) -> 28253263 | F4: =SUM(Rwanda!F3:H3) -> 11774965 | G4: =SUM(C4:F4) -> 3.3326652e+08
B5: Q3 | C5: =SUM(Kenya!I29:K29) -> 3.1140794e+08 | D5: =SUM(Online!I5:K5) -> 23719608 | E5: =SUM(Uganda!I5:K5) -> 28975738 | F5: =SUM(Rwanda!I3:K3) -> 10543259 | G5: =SUM(C5:F5) -> 3.7464655e+08
B6: Q4 | C6: =SUM(Kenya!L29:N29) -> 3.4458501e+08 | D6: =SUM(Online!L5:N5) -> 27552555 | E6: =SUM(Uganda!L5:N5) -> 38830409 | F6: =SUM(Rwanda!L3:N3) -> 19699177 | G6: =SUM(C6:F6) -> 4.3066715e+08
B7: Total | C7: =SUM(C3:C6) -> 1.1602365e+09 | D7: =SUM(D3:D6) -> 99523124 | E7: =SUM(E3:E6) -> 1.2296381e+08 | F7: =SUM(F3:F6) -> 51798283 | G7: =SUM(C7:F7) -> 1.4345217e+09

Sheet Kenya
B2: PROJECTED MONTHLY SALES | C2: January | D2: February | E2: March | F2: April | G2: May | H2: June | I2: July | J2: August | K2: September | L2: October | M2: November | N2: December | O2: TOTAL
B3: Sarit Centre | C3: 7181408.8 | D3: 7839001.1 | E3: 7703064.6 | F3: 9794786.9 | G3: 8267995.9 | H3: 8386974.7 | I3: 9716941 | J3: 10465003 | K3: 8286316.4 | L3: 9175024 | M3: 11214095 | N3: 14004384 | O3: =SUM(C3:N3) -> 1.12035e+08
B4: Junction | C4: 6877415.1 | D4: 6779023 | E4: 7784347.7 | F4: 8348270.7 | G4: 8009777.1 | H4: 8114961.8 | I4: 8358209.4 | J4: 9848569.5 | K4: 7582229.6 | L4: 8546240.8 | M4: 9774392.5 | N4: 12314112 | O4: =SUM(C4:N4) -> 1.0233755e+08
B5: MAMA NGINA | C5: 4830227.3 | D5: 5367476.7 | E5: 6406790.7 | F5: 6613876.4 | G5: 6525947.5 | H5: 5905965.4 | I5: 7958100.1 | J5: 8218831 | K5: 6368034.7 | L5: 6747029.1 | M5: 7522810.5 | N5: 8216356.9 | O5: =SUM(C5:N5) -> 80681446
B6: Moi Avenue | C6: 3960612.8 | D6: 4547223.4 | E6: 4972229.9 | F6: 5864015.8 | G6: 6141860.3 | H6: 4649926 | I6: 6893790.7 | J6: 7272262.3 | K6: 5954602.5 | L6: 5801443.5 | M6: 6961732.1 | N6: 6961732.1 | O6: =SUM(C6:N6) -> 69981431
B7: Garden City | C7: 3713887.4 | D7: 3565875.4 | E7: 3618981.1 | F7: 3862768.1 | G7: 4683216.6 | H7: 3722047.5 | I7: 5327668.5 | J7: 4940974.5 | K7: 4182774.7 | L7: 6037795.8 | M7: 7245355 | N7: 7245355 | O7: =SUM(C7:N7) -> 58146699
B8: Yaya | C8: 4280441.5 | D8: 4318510.3 | E8: 4206665.9 | F8: 4574677.8 | G8: 4826802.6 | H8: 4528654.5 | I8: 5235186.4 | J8: 5253517.4 | K8: 5191413.1 | L8: 4432854.8 | M8: 5319425.7 | N8: 5319425.7 | O8: =SUM(C8:N8) -> 57487576
B9: Village Market | C9: 3191195.6 | D9: 3577321.4 | E9: 4196808 | F9: 4258254 | G9: 4469994.3 | H9: 2881782.7 | I9: 4523153.2 | J9: 6432278.1 | K9: 5342862.5 | L9: 4112551 | M9: 4935061.2 | N9: 4935061.2 | O9: =SUM(C9:N9) -> 52856323
B10: TRM | C10: 2952759.8 | D10: 3631590.2 | E10: 3867079.7 | F10: 4126283.6 | G10: 3940516.9 | H10: 3776288.6 | I10: 5115940.8 | J10: 4772956.6 | K10: 4040548 | L10: 4392593.7 | M10: 5639615.5 | N10: 5797731.4 | O10: =SUM(C10:N10) -> 52053905
B11: Capital Centre | C11: 3301394.2 | D11: 3285168.8 | E11: 3334690.6 | F11: 3472334.2 | G11: 3407348.1 | H11: 4015646.2 | I11: 4393838.2 | J11: 4331252.3 | K11: 3824149.5 | L11: 4177636 | M11: 5013163.2 | N11: 5013163.2 | O11: =SUM(C11:N11) -> 47569785
B12: Galleria | C12: 2986404.9 | D12: 3268845.3 | E12: 3423142.8 | F12: 3537326.1 | G12: 3566363.9 | H12: 3692419.5 | I12: 3639393.4 | J12: 4744742.3 | K12: 3454549.5 | L12: 3955817.3 | M12: 4963411.3 | N12: 5185812.1 | O12: =SUM(C12:N12) -> 46418228
B13: Imaara | C13: 2607844.5 | D13: 2879553.6 | E13: 3187951.3 | F13: 2775798.8 | G13: 3713579.1 | H13: 3797642.3 | I13: 4009490.1 | J13: 3779870.3 | K13: 3697223.1 | L13: 3338375.9 | M13: 4006051.1 | N13: 4006051.1 | O13: =SUM(C13:N13) -> 41799431
B14: The Hub | C14: 2449004.2 | D14: 2670752.7 | E14: 2982521.8 | F14: 2947352 | G14: 3508173.9 | H14: 3033145.5 | I14: 4016454.7 | J14: 3960298.6 | K14: 3531008.2 | L14: 3439685.5 | M14: 4127622.6 | N14: 4127622.6 | O14: =SUM(C14:N14) -> 40793642
... B28: Zoya Sarit | C28: 500000 | D28: 500000 | E28: 500000 | F28: 500000 | G28: 500000 | H28: 500000 | I28: 500000 | J28: 500000 | K28: 500000 | L28: 500000 | M28: 500000 | N28: 500000 | O28: =SUM(C28:N28) -> 6000000
B29: Total | C29: =SUM(C3:C28) -> 73551760 | D29: =SUM(D3:D28) -> 78561699 | E29: =SUM(E3:E28) -> 83569811 | F29: =SUM(F3:F28) -> 90859769 | G29: =SUM(G3:G28) -> 90884418 | H29: =SUM(H3:H28) -> 86816048 | I29: =SUM(I3:I28) -> 1.0625353e+08 | J29: =SUM(J3:J28) -> 1.120101e+08 | ... O29: =SUM(O3:O28) -> 1.1602365e+09 | Q29: =IFERROR(O29/#REF!-1,0) -> 0
O31: =O29-6000000 -> 1.1542365e+09
O33: =O31-#REF! -> #REF!

Sheet Online
B2: PROJECTED MONTHLY SALES | C2: January | D2: February | E2: March | F2: April | G2: May | H2: June | I2: July | J2: August | K2: September | L2: October | M2: November | N2: December | O2: TOTAL
B3: Online (Shop Zetu Vivo Sales) | C3: 5854655.1 | D3: 4659274.2 | E3: 5743242.7 | F3: 5520885.9 | G3: 5411587 | H3: 6086880.2 | I3: 5513351.9 | J3: 5213623.6 | K3: 5631374.9 | L3: 5113917.8 | M3: 9208631.1 | N3: 4679213 | O3: =SUM(C3:N3) -> 68636637
B4: Gross Vivo | C4: =C3*1.16 -> 6791399.9 | D4: =D3*1.16 -> 5404758.1 | E4: =E3*1.16 -> 6662161.6 | F4: =F3*1.16 -> 6404227.7 | G4: =G3*1.16 -> 6277440.9 | H4: =H3*1.16 -> 7060781 | I4: =I3*1.16 -> 6395488.3 | J4: =J3*1.16 -> 6047803.4 | ... O4: =O3*1.16 -> 79618499
B5: Gross SZ | C5: =C4/0.8 -> 8489249.8 | D5: =D4/0.8 -> 6755947.6 | E5: =E4/0.8 -> 8327702 | F5: =F4/0.8 -> 8005284.6 | G5: =G4/0.8 -> 7846801.2 | H5: =H4/0.8 -> 8825976.3 | I5: =I4/0.8 -> 7994360.3 | J5: =J4/0.8 -> 7559754.2 | ... O5: =O4/0.8 -> 99523124

Sheet Uganda
C2: January | D2: February | E2: March | F2: April | G2: May | H2: June | I2: July | J2: August | K2: September | L2: October | M2: November | N2: December | O2: TOTAL
B3: Oasis Mall | C3: 2269808.5 | D3: 2975956.7 | E3: 3073631.1 | F3: 2980790.9 | G3: 3378756.6 | H3: 3308715 | I3: 3413765 | J3: 3910378.3 | K3: 3066594.5 | L3: 3924237.9 | M3: 4709085.5 | N3: 4709085.5 | O3: =SUM(C3:N3) -> 41720806
B4: Acacia Mall | C4: 6195000 | D4: 6195000 | E4: 6195000 | F4: 6195000 | G4: 6195000 | H4: 6195000 | I4: 6195000 | J4: 6195000 | K4: 6195000 | L4: 8496000 | M4: 8496000 | N4: 8496000 | O4: =SUM(C4:N4) -> 81243000
C5: =SUM(C3:C4) -> 8464808.5 | D5: =SUM(D3:D4) -> 9170956.7 | E5: =SUM(E3:E4) -> 9268631.1 | F5: =SUM(F3:F4) -> 9175790.9 | G5: =SUM(G3:G4) -> 9573756.6 | H5: =SUM(H3:H4) -> 9503715 | I5: =SUM(I3:I4) -> 9608765 | J5: =SUM(J3:J4) -> 10105378 | ... O5: =SUM(O3:O4) -> 1.2296381e+08

Sheet Rwanda
B2: PROJECTED MONTHLY SALES | C2: January | D2: February | E2: March | F2: April | G2: May | H2: June | I2: July | J2: August | K2: September | L2: October | M2: November | N2: December | O2: TOTAL
B3: Kigali Heights | C3: 3557665.5 | D3: 2630475.4 | E3: 3592740.9 | F3: 2489630.5 | G3: 5063588.5 | H3: 4221745.6 | I3: 3871062.2 | J3: 3839509 | K3: 2832688.1 | L3: 5690752.9 | M3: 7614199.1 | N3: 6394225.3 | O3: =SUM(C3:N3) -> 51798283
